data;valor_gasto_facebook;variacao_vertical_1;impressoes;variacao_vertical_2;cpm;cliques_de_saida_fb;variacao_vertical_3;ctr;visualizacao_de_pagina_destino_fb;variacao_vertical_4;%_visualizacao_pagina_destino;adicao_ao_carrinho_fb;variacao_vertical_5;checkout_fb;variacao_vertical_6;numero_de_compras_fb;variacao_vertical_7;%checkout/visualizacao;%compra/visualizacao;%_compra/checkout;vendas_totais_fb;variacao_vertical_8;roi_marketing
2019-10-30;9;0;1.124;0;8;18;0;0,02;17;0;0,94;;0;;0;;0;0,00;0,00;0,00;;0;0,00
2019-10-31;15;0,69;1.674;0,49;9;31;0,72;0,02;29;0,71;0,94;4;0;;0;;0;0,00;0,00;0,00;;0;0,00
2019-11-01;14;-0,04;1.547;-0,08;9;30;-0,03;0,02;27;-0,07;0,90;4;0,00;;0;;0;0,00;0,00;0,00;;0;0,00
2019-11-02;10;-0,27;1.462;-0,05;7;22;-0,27;0,02;21;-0,22;0,95;1;-0,75;;0;;0;0,00;0,00;0,00;;0;0,00
2019-11-03;49;3,71;6.942;3,75;7;98;3,45;0,01;67;2,19;0,68;2;1,00;;0;;0;0,00;0,00;0,00;;0;0,00
2019-11-04;50;0,03;5.275;-0,24;10;96;-0,02;0,02;84;0,25;0,88;5;1,50;1;0;;0;0,01;0,00;0,00;;0;0,00
2019-11-05;53;0,05;5.927;0,12;9;166;0,73;0,03;118;0,40;0,71;14;1,80;6;5,00;3;0;0,05;0,03;0,50;318;0;6,02
2019-11-06;51;-0,04;5.78;-0,02;9;170;0,02;0,03;104;-0,12;0,61;;-1,00;;-1,00;;-1,00;0,00;0,00;0,00;;-1,00;0,00
2019-11-07;50;0,00;4.823;-0,17;10;107;-0,37;0,02;79;-0,24;0,74;46;0;24;0;5;0;0,30;0,06;0,21;1.804;0;35,79
2019-11-08;60;0,18;12.894;1,67;5;187;0,75;0,01;94;0,19;0,50;1;-0,98;;-1,00;;-1,00;0,00;0,00;0,00;;-1,00;0,00
2019-11-09;89;0,49;11.403;-0,12;8;362;0,94;0,03;208;1,21;0,57;3;2,00;1;0;;0;0,00;0,00;0,00;;0;0,00
2019-11-10;100;0,13;16.01;0,40;6;487;0,35;0,03;258;0,24;0,53;;-1,00;;-1,00;;0;0,00;0,00;0,00;;0;0,00
2019-11-11;97;-0,03;17.5;0,09;6;416;-0,15;0,02;201;-0,22;0,48;1;0;;0;;0;0,00;0,00;0,00;;0;0,00
2019-11-12;99;0,02;15.54;-0,11;6;376;-0,10;0,02;226;0,12;0,60;4;3,00;;0;;0;0,00;0,00;0,00;;0;0,00
2019-11-13;99;-0,01;13.307;-0,14;7;297;-0,21;0,02;164;-0,27;0,55;3;-0,25;1;0;1;0;0,01;0,01;1,00;48;0;0,49
2019-11-14;99;0,00;13.907;0,05;7;260;-0,12;0,02;94;-0,43;0,36;1;-0,67;;-1,00;;-1,00;0,00;0,00;0,00;;-1,00;0,00
2019-11-15;103;0,04;13.029;-0,06;8;315;0,21;0,02;170;0,81;0,54;1;0,00;1;0;;0;0,01;0,00;0,00;;0;0,00
2019-11-16;103;0,00;13.516;0,04;8;309;-0,02;0,02;146;-0,14;0,47;;-1,00;;-1,00;;0;0,00;0,00;0,00;;0;0,00
2019-11-17;100;-0,02;14.707;0,09;7;327;0,06;0,02;143;-0,02;0,44;1;0;1;0;1;0;0,01;0,01;1,00;121;0;1,20
2019-11-18;98;-0,02;14.698;0,00;7;328;0,00;0,02;137;-0,04;0,42;1;0,00;;-1,00;;-1,00;0,00;0,00;0,00;;-1,00;0,00
2019-11-19;98;0,00;15.041;0,02;7;283;-0,14;0,02;137;0,00;0,48;;-1,00;;0;;0;0,00;0,00;0,00;;0;0,00
2019-11-20;101;0,03;15.74;0,05;6;298;0,05;0,02;155;0,13;0,52;;0;;0;;0;0,00;0,00;0,00;;0;0,00
2019-11-21;101;0,00;14.468;-0,08;7;298;0,00;0,02;143;-0,08;0,48;;0;;0;;0;0,00;0,00;0,00;;0;0,00
2019-11-22;93;-0,08;12.664;-0,12;7;182;-0,39;0,01;83;-0,42;0,46;1;0;;0;;0;0,00;0,00;0,00;;0;0,00
2019-11-23;107;0,15;21.091;0,67;5;63;-0,65;0,00;27;-0,67;0,43;1;0,00;;0;;0;0,00;0,00;0,00;;0;0,00
2019-11-24;97;-0,10;24.938;0,18;4;84;0,33;0,00;;-1,00;0,00;;-1,00;;0;;0;0,00;0,00;0,00;;0;0,00
2019-11-25;77;-0,20;30.443;0,22;3;66;-0,21;0,00;;0;0,00;;0;;0;;0;0,00;0,00;0,00;;0;0,00
2019-11-26;96;0,24;8.943;-0,71;11;153;1,32;0,02;2;0;0,01;3;0;1;0;;0;0,50;0,00;0,00;;0;0,00
2019-11-27;104;0,08;9.363;0,05;11;122;-0,20;0,01;18;8,00;0,15;7;1,33;4;3,00;1;0;0,22;0,06;0,25;85;0;0,82
2019-11-28;100;-0,04;6.743;-0,28;15;74;-0,39;0,01;13;-0,28;0,18;2;-0,71;4;0,00;;-1,00;0,31;0,00;0,00;;-1,00;0,00
2019-11-29;100;0,00;4.084;-0,39;24;55;-0,26;0,01;3;-0,77;0,05;4;1,00;;-1,00;;0;0,00;0,00;0,00;;0;0,00
2019-11-30;109;0,09;5.429;0,33;20;48;-0,13;0,01;5;0,67;0,10;4;0,00;4;0;;0;0,80;0,00;0,00;;0;0,00
2019-12-01;101;-0,07;8.055;0,48;12;105;1,19;0,01;15;2,00;0,14;12;2,00;6;0,50;;0;0,40;0,00;0,00;;0;0,00
2019-12-02;100;0,00;8.189;0,02;12;110;0,05;0,01;33;1,20;0,30;13;0,08;6;0,00;2;0;0,18;0,06;0,33;108;0;1,07
2019-12-03;99;-0,02;8.53;0,04;12;109;-0,01;0,01;70;1,12;0,64;13;0,00;5;-0,17;;-1,00;0,07;0,00;0,00;;-1,00;0,00
2019-12-04;97;-0,02;8.095;-0,05;12;115;0,06;0,01;95;0,36;0,83;3;-0,77;4;-0,20;;0;0,04;0,00;0,00;;0;0,00
2019-12-05;101;0,04;7.157;-0,12;14;149;0,30;0,02;125;0,32;0,84;9;2,00;6;0,50;2;0;0,05;0,02;0,33;409;0;4,06
2019-12-06;131;0,30;9.526;0,33;14;400;1,68;0,04;366;1,93;0,92;46;4,11;15;1,50;4;1,00;0,04;0,01;0,27;395;-0,03;3,02
2019-12-07;145;0,11;10.379;0,09;14;480;0,20;0,05;425;0,16;0,89;42;-0,09;26;0,73;4;0,00;0,06;0,01;0,15;339;-0,14;2,33
2019-12-08;101;-0,31;8.372;-0,19;12;324;-0,33;0,04;298;-0,30;0,92;46;0,10;32;0,23;2;-0,50;0,11;0,01;0,06;189;-0,44;1,88
2019-12-09;95;-0,06;6.655;-0,21;14;236;-0,27;0,04;217;-0,27;0,92;17;-0,63;7;-0,78;1;-0,50;0,03;0,00;0,14;81;-0,57;0,85
2019-12-10;97;0,02;5.997;-0,10;16;204;-0,14;0,03;175;-0,19;0,86;12;-0,29;2;-0,71;;-1,00;0,01;0,00;0,00;;-1,00;0,00
2019-12-11;99;0,03;5.818;-0,03;17;183;-0,10;0,03;159;-0,09;0,87;9;-0,25;4;1,00;;0;0,03;0,00;0,00;;0;0,00
2019-12-12;138;0,39;7.544;0,30;18;198;0,08;0,03;166;0,04;0,84;12;0,33;3;-0,25;1;0;0,02;0,01;0,33;71;0;0,52
2019-12-13;76;-0,45;5.049;-0,33;15;88;-0,56;0,02;78;-0,53;0,89;5;-0,58;2;-0,33;2;1,00;0,03;0,03;1,00;256;2,59;3,36
2019-12-14;15;-0,80;1.652;-0,67;9;48;-0,45;0,03;35;-0,55;0,73;;-1,00;;-1,00;;-1,00;0,00;0,00;0,00;;-1,00;0,00
2019-12-15;47;2,11;5.676;2,44;8;89;0,85;0,02;67;0,91;0,75;;0;;0;;0;0,00;0,00;0,00;;0;0,00
2019-12-16;58;0,24;8.971;0,58;6;101;0,13;0,01;69;0,03;0,68;;0;;0;;0;0,00;0,00;0,00;;0;0,00
2019-12-17;93;0,59;19.225;1,14;5;161;0,59;0,01;97;0,41;0,60;;0;;0;;0;0,00;0,00;0,00;;0;0,00
2019-12-18;101;0,09;15.141;-0,21;7;123;-0,24;0,01;80;-0,18;0,65;;0;;0;;0;0,00;0,00;0,00;;0;0,00
2019-12-19;105;0,04;9.244;-0,39;11;167;0,36;0,02;141;0,76;0,84;17;0;4;0;1;0;0,03;0,01;0,25;78;0;0,74
2019-12-19;105;0,00;9.244;0,00;11;167;0,00;0,02;141;0,00;0,84;17;0,00;4;0,00;1;0,00;0,03;0,01;0,25;78;0,00;0,74
2019-12-20;58;-0,45;3.357;-0,64;17;112;-0,33;0,03;104;-0,26;0,93;15;-0,12;6;0,50;;-1,00;0,06;0,00;0,00;;-1,00;0,00
2019-12-20;58;0,00;3.357;0,00;17;112;0,00;0,03;104;0,00;0,93;15;0,00;6;0,00;;0;0,06;0,00;0,00;;0;0,00
2019-12-21;170;1,95;11.178;2,33;15;301;1,69;0,03;252;1,42;0,84;29;0,93;26;3,33;3;0;0,10;0,01;0,12;490;0;2,88
2019-12-22;148;-0,13;12.132;0,09;12;272;-0,10;0,02;234;-0,07;0,86;23;-0,21;16;-0,38;4;0,33;0,07;0,02;0,25;252;-0,49;1,70
2019-12-23;142;-0,04;12.953;0,07;11;263;-0,03;0,02;208;-0,11;0,79;13;-0,43;15;-0,06;2;-0,50;0,07;0,01;0,13;209;-0,17;1,47
2019-12-24;143;0,00;13.164;0,02;11;263;0,00;0,02;226;0,09;0,86;14;0,08;12;-0,20;;-1,00;0,05;0,00;0,00;;-1,00;0,00
2019-12-25;153;0,07;15.614;0,19;10;299;0,14;0,02;236;0,04;0,79;20;0,43;8;-0,33;;0;0,03;0,00;0,00;;0;0,00
2019-12-26;144;-0,06;14.735;-0,06;10;247;-0,17;0,02;199;-0,16;0,81;15;-0,25;13;0,63;;0;0,07;0,00;0,00;;0;0,00
2019-12-27;159;0,10;10.515;-0,29;15;246;0,00;0,02;204;0,03;0,83;26;0,73;13;0,00;3;0;0,06;0,01;0,23;222;0;1,39
2019-12-28;156;-0,02;10.478;0,00;15;279;0,13;0,03;221;0,08;0,79;8;-0,69;14;0,08;6;1,00;0,06;0,03;0,43;781;2,53;5,00
2019-12-29;144;-0,08;10.268;-0,02;14;253;-0,09;0,02;208;-0,06;0,82;13;0,63;18;0,29;5;-0,17;0,09;0,02;0,28;450;-0,42;3,12
2019-12-30;147;0,02;11.6;0,13;13;210;-0,17;0,02;167;-0,20;0,80;13;0,00;9;-0,50;3;-0,40;0,05;0,02;0,33;197;-0,56;1,34
2019-12-31;145;-0,02;12.198;0,05;12;159;-0,24;0,01;121;-0,28;0,76;7;-0,46;20;1,22;2;-0,33;0,17;0,02;0,10;148;-0,25;1,02
2020-01-01;154;0,07;21.744;0,78;7;300;0,89;0,01;230;0,90;0,77;13;0,86;12;-0,40;3;0,50;0,05;0,01;0,25;324;1,19;2,10
2020-01-02;149;-0,03;16.963;-0,22;9;242;-0,19;0,01;194;-0,16;0,80;7;-0,46;14;0,17;4;0,33;0,07;0,02;0,29;302;-0,07;2,02
2020-01-03;145;-0,03;13.313;-0,22;11;210;-0,13;0,02;173;-0,11;0,82;13;0,86;15;0,07;2;-0,50;0,09;0,01;0,13;160;-0,47;1,10
2020-01-04;159;0,09;13.499;0,01;12;253;0,20;0,02;200;0,16;0,79;17;0,31;14;-0,07;;-1,00;0,07;0,00;0,00;;-1,00;0,00
2020-01-05;147;-0,08;13.763;0,02;11;261;0,03;0,02;197;-0,02;0,75;11;-0,35;19;0,36;4;0;0,10;0,02;0,21;258;0;1,75
2020-01-06;135;-0,08;13.032;-0,05;10;230;-0,12;0,02;182;-0,08;0,79;20;0,82;17;-0,11;1;-0,75;0,09;0,01;0,06;56;-0,78;0,42
2020-01-07;142;0,05;10.712;-0,18;13;209;-0,09;0,02;165;-0,09;0,79;9;-0,55;20;0,18;1;0,00;0,12;0,01;0,05;78;0,40;0,55
2020-01-08;152;0,07;11.909;0,11;13;357;0,71;0,03;293;0,78;0,82;38;3,22;45;1,25;7;6,00;0,15;0,02;0,16;721;8,18;4,74
2020-01-09;145;-0,04;11.049;-0,07;13;311;-0,13;0,03;264;-0,10;0,85;24;-0,37;40;-0,11;8;0,14;0,15;0,03;0,20;575;-0,20;3,96
2020-01-10;148;0,02;9.63;-0,13;15;165;-0,47;0,02;127;-0,52;0,77;16;-0,33;13;-0,68;1;-0,88;0,10;0,01;0,08;179;-0,69;1,21
2020-01-11;160;0,08;9.498;-0,01;17;172;0,04;0,02;129;0,02;0,75;5;-0,69;7;-0,46;1;0,00;0,05;0,01;0,14;46;-0,74;0,29
2020-01-12;231;0,44;16.736;0,76;14;303;0,76;0,02;239;0,85;0,79;17;2,40;18;1,57;1;0,00;0,08;0,00;0,06;142;2,09;0,62
2020-01-13;146;-0,37;9.757;-0,42;15;187;-0,38;0,02;134;-0,44;0,72;15;-0,12;16;-0,11;6;5,00;0,12;0,04;0,38;767;4,40;5,24
2020-01-14;152;0,04;11.468;0,18;13;247;0,32;0,02;210;0,57;0,85;21;0,40;27;0,69;8;0,33;0,13;0,04;0,30;549;-0,28;3,62
2020-01-15;148;-0,02;12.77;0,11;12;273;0,11;0,02;222;0,06;0,81;26;0,24;34;0,26;7;-0,13;0,15;0,03;0,21;822;0,50;5,55
2020-01-16;148;0,00;10.53;-0,18;14;261;-0,04;0,02;209;-0,06;0,80;15;-0,42;17;-0,50;5;-0,29;0,08;0,02;0,29;453;-0,45;3,06
2020-01-17;149;0,01;11.025;0,05;14;198;-0,24;0,02;179;-0,14;0,90;17;0,13;16;-0,06;3;-0,40;0,09;0,02;0,19;221;-0,51;1,48
2020-01-18;158;0,06;12.426;0,13;13;254;0,28;0,02;212;0,18;0,83;16;-0,06;29;0,81;6;1,00;0,14;0,03;0,21;658;1,98;4,16
2020-01-19;148;-0,07;13.048;0,05;11;295;0,16;0,02;228;0,08;0,77;38;1,38;55;0,90;7;0,17;0,24;0,03;0,13;743;0,13;5,02
2020-01-20;145;-0,02;13.615;0,04;11;259;-0,12;0,02;205;-0,10;0,79;41;0,08;54;-0,02;6;-0,14;0,26;0,03;0,11;786;0,06;5,43
2020-01-21;129;-0,11;11.701;-0,14;11;229;-0,12;0,02;186;-0,09;0,81;14;-0,66;14;-0,74;3;-0,50;0,08;0,02;0,21;242;-0,69;1,87
2020-01-22;121;-0,07;10.715;-0,08;11;169;-0,26;0,02;129;-0,31;0,76;26;0,86;17;0,21;4;0,33;0,13;0,03;0,24;419;0,73;3,46
2020-01-23;130;0,07;10.974;0,02;12;177;0,05;0,02;144;0,12;0,81;4;-0,85;7;-0,59;2;-0,50;0,05;0,01;0,29;150;-0,64;1,16
2020-01-24;109;-0,16;9.324;-0,15;12;174;-0,02;0,02;148;0,03;0,85;16;3,00;21;2,00;4;1,00;0,14;0,03;0,19;411;1,74;3,78
2020-01-25;105;-0,04;8.348;-0,10;13;194;0,11;0,02;160;0,08;0,82;24;0,50;32;0,52;9;1,25;0,20;0,06;0,28;947;1,30;9,01
2020-01-26;99;-0,06;11.673;0,40;8;244;0,26;0,02;206;0,29;0,84;37;0,54;39;0,22;7;-0,22;0,19;0,03;0,18;773;-0,18;7,81
2020-01-27;101;0,02;14.545;0,25;7;308;0,26;0,02;239;0,16;0,78;28;-0,24;43;0,10;6;-0,14;0,18;0,03;0,14;741;-0,04;7,34
2020-01-28;100;-0,01;12.229;-0,16;8;327;0,06;0,03;210;-0,12;0,64;21;-0,25;15;-0,65;4;-0,33;0,07;0,02;0,27;306;-0,59;3,07
2020-01-29;97;-0,02;11.802;-0,03;8;261;-0,20;0,02;108;-0,49;0,41;26;0,24;16;0,07;6;0,50;0,15;0,06;0,38;662;1,17;6,81
2020-01-30;98;0,01;11.408;-0,03;9;229;-0,12;0,02;189;0,75;0,83;41;0,58;24;0,50;5;-0,17;0,13;0,03;0,21;847;0,28;8,61
2020-01-31;109;0,11;12.386;0,09;9;252;0,10;0,02;193;0,02;0,77;46;0,12;30;0,25;6;0,20;0,16;0,03;0,20;603;-0,29;5,52
2020-02-01;105;-0,03;12.367;0,00;9;255;0,01;0,02;200;0,04;0,78;19;-0,59;12;-0,60;1;-0,83;0,06;0,01;0,08;77;-0,87;0,73
2020-02-02;148;0,40;16.983;0,37;9;363;0,42;0,02;296;0,48;0,82;45;1,37;41;2,42;6;5,00;0,14;0,02;0,15;721;8,31;4,87
2020-02-03;147;0,00;17.337;0,02;8;320;-0,12;0,02;258;-0,13;0,81;38;-0,16;25;-0,39;7;0,17;0,10;0,03;0,28;675;-0,06;4,58
2020-02-04;153;0,04;18.286;0,05;8;397;0,24;0,02;321;0,24;0,81;65;0,71;48;0,92;8;0,14;0,15;0,02;0,17;850;0,26;5,57
2020-02-05;150;-0,02;17.526;-0,04;9;368;-0,07;0,02;293;-0,09;0,80;61;-0,06;26;-0,46;8;0,00;0,09;0,03;0,31;736;-0,13;4,90
2020-02-06;146;-0,03;15.551;-0,11;9;347;-0,06;0,02;285;-0,03;0,82;58;-0,05;34;0,31;6;-0,25;0,12;0,02;0,18;454;-0,38;3,11
2020-02-07;149;0,02;14.063;-0,10;11;270;-0,22;0,02;221;-0,22;0,82;60;0,03;42;0,24;6;0,00;0,19;0,03;0,14;542;0,19;3,64
2020-02-08;157;0,05;16.475;0,17;10;300;0,11;0,02;223;0,01;0,74;56;-0,07;35;-0,17;11;0,83;0,16;0,05;0,31;1.268;1,34;8,09
2020-02-09;149;-0,05;20.703;0,26;7;373;0,24;0,02;299;0,34;0,80;53;-0,05;34;-0,03;4;-0,64;0,11;0,01;0,12;466;-0,63;3,12
2020-02-10;145;-0,03;19.188;-0,07;8;342;-0,08;0,02;256;-0,14;0,75;43;-0,19;28;-0,18;7;0,75;0,11;0,03;0,25;646;0,39;4,47
2020-02-11;149;0,03;17.056;-0,11;9;290;-0,15;0,02;248;-0,03;0,86;50;0,16;31;0,11;7;0,00;0,13;0,03;0,23;814;0,26;5,48
2020-02-12;151;0,02;15.775;-0,08;10;271;-0,07;0,02;222;-0,10;0,82;48;-0,04;27;-0,13;8;0,14;0,12;0,04;0,30;761;-0,06;5,04
2020-02-13;133;-0,12;11.993;-0,24;11;199;-0,27;0,02;176;-0,21;0,88;29;-0,40;24;-0,11;5;-0,38;0,14;0,03;0,21;526;-0,31;3,94
2020-02-14;152;0,14;13.183;0,10;12;244;0,23;0,02;209;0,19;0,86;40;0,38;29;0,21;1;-0,80;0,14;0,00;0,03;102;-0,81;0,67
2020-02-15;163;0,07;14.978;0,14;11;258;0,06;0,02;225;0,08;0,87;49;0,23;26;-0,10;8;7,00;0,12;0,04;0,31;825;7,06;5,05
2020-02-16;160;-0,02;15.158;0,01;11;265;0,03;0,02;225;0,00;0,85;52;0,06;34;0,31;7;-0,13;0,15;0,03;0,21;892;0,08;5,57
2020-02-17;160;0,00;15.34;0,01;10;267;0,01;0,02;223;-0,01;0,84;49;-0,06;27;-0,21;8;0,14;0,12;0,04;0,30;765;-0,14;4,78
2020-02-18;154;-0,03;14.019;-0,09;11;278;0,04;0,02;233;0,04;0,84;49;0,00;34;0,26;5;-0,38;0,15;0,02;0,15;511;-0,33;3,31
2020-02-19;155;0,00;14.252;0,02;11;206;-0,26;0,01;169;-0,27;0,82;25;-0,49;27;-0,21;5;0,00;0,16;0,03;0,19;382;-0,25;2,47
2020-02-20;158;0,02;14.825;0,04;11;233;0,13;0,02;181;0,07;0,78;38;0,52;26;-0,04;8;0,60;0,14;0,04;0,31;870;1,28;5,51
2020-02-21;157;0,00;14.668;-0,01;11;233;0,00;0,02;202;0,12;0,87;41;0,08;25;-0,04;2;-0,75;0,12;0,01;0,08;220;-0,75;1,40
2020-02-22;170;0,08;15.0;0,02;11;228;-0,02;0,02;180;-0,11;0,79;31;-0,24;20;-0,20;4;1,00;0,11;0,02;0,20;522;1,38;3,07
2020-02-23;159;-0,06;13.778;-0,08;12;245;0,07;0,02;213;0,18;0,87;26;-0,16;28;0,40;5;0,25;0,13;0,02;0,18;480;-0,08;3,02
2020-02-24;157;-0,01;16.243;0,18;10;271;0,11;0,02;230;0,08;0,85;35;0,35;20;-0,29;3;-0,40;0,09;0,01;0,15;394;-0,18;2,51
2020-02-25;154;-0,02;15.687;-0,03;10;216;-0,20;0,01;189;-0,18;0,88;24;-0,31;17;-0,15;1;-0,67;0,09;0,01;0,06;78;-0,80;0,51
2020-02-26;163;0,05;17.248;0,10;9;264;0,22;0,02;223;0,18;0,84;43;0,79;31;0,82;6;5,00;0,14;0,03;0,19;798;9,18;4,91
2020-02-27;159;-0,02;13.355;-0,23;12;231;-0,13;0,02;196;-0,12;0,85;34;-0,21;39;0,26;9;0,50;0,20;0,05;0,23;1.007;0,26;6,34
2020-02-28;160;0,01;13.115;-0,02;12;197;-0,15;0,02;174;-0,11;0,88;19;-0,44;22;-0,44;1;-0,89;0,13;0,01;0,05;78;-0,92;0,49
2020-02-29;152;-0,05;11.686;-0,11;13;205;0,04;0,02;174;0,00;0,85;31;0,63;20;-0,09;5;4,00;0,11;0,03;0,25;691;7,82;4,54
2020-03-01;140;-0,08;13.048;0,12;11;302;0,47;0,02;256;0,47;0,85;34;0,10;27;0,35;6;0,20;0,11;0,02;0,22;511;-0,26;3,66
2020-03-02;140;0,00;15.115;0,16;9;300;-0,01;0,02;247;-0,04;0,82;51;0,50;29;0,07;6;0,00;0,12;0,02;0,21;665;0,30;4,76
2020-03-03;123;-0,12;11.441;-0,24;11;257;-0,14;0,02;215;-0,13;0,84;47;-0,08;33;0,14;4;-0,33;0,15;0,02;0,12;411;-0,38;3,35
2020-03-04;126;0,03;11.471;0,00;11;241;-0,06;0,02;199;-0,07;0,83;49;0,04;30;-0,09;6;0,50;0,15;0,03;0,20;956;1,33;7,57
2020-03-05;127;0,01;10.752;-0,06;12;214;-0,11;0,02;169;-0,15;0,79;43;-0,12;31;0,03;5;-0,17;0,18;0,03;0,16;628;-0,34;4,95
2020-03-06;132;0,04;10.052;-0,07;13;171;-0,20;0,02;144;-0,15;0,84;29;-0,33;29;-0,06;4;-0,20;0,20;0,03;0,14;444;-0,29;3,37
2020-03-07;134;0,01;9.425;-0,06;14;184;0,08;0,02;156;0,08;0,85;37;0,28;25;-0,14;3;-0,25;0,16;0,02;0,12;408;-0,08;3,06
2020-03-08;128;-0,04;10.998;0,17;12;233;0,27;0,02;203;0,30;0,87;22;-0,41;34;0,36;8;1,67;0,17;0,04;0,24;1.264;2,09;9,87
2020-03-09;131;0,02;12.714;0,16;10;223;-0,04;0,02;182;-0,10;0,82;7;-0,68;36;0,06;6;-0,25;0,20;0,03;0,17;682;-0,46;5,21
2020-03-10;121;-0,07;11.363;-0,11;11;171;-0,23;0,02;140;-0,23;0,82;2;-0,71;11;-0,69;1;-0,83;0,08;0,01;0,09;84;-0,88;0,70
2020-03-11;152;0,26;11.151;-0,02;14;196;0,15;0,02;159;0,14;0,81;6;2,00;30;1,73;4;3,00;0,19;0,03;0,13;762;8,05;5,01
2020-03-12;181;0,19;15.611;0,40;12;218;0,11;0,01;185;0,16;0,85;34;4,67;71;1,37;9;1,25;0,38;0,05;0,13;1.41;0,85;7,80
2020-03-13;182;0,01;16.367;0,05;11;200;-0,08;0,01;168;-0,09;0,84;3;-0,91;20;-0,72;4;-0,56;0,12;0,02;0,20;621;-0,56;3,40
2020-03-14;196;0,07;16.197;-0,01;12;234;0,17;0,01;200;0,19;0,85;6;1,00;37;0,85;6;0,50;0,19;0,03;0,16;700;0,13;3,57
2020-03-15;190;-0,03;14.947;-0,08;13;206;-0,12;0,01;170;-0,15;0,83;5;-0,17;22;-0,41;1;-0,83;0,13;0,01;0,05;149;-0,79;0,78
2020-03-16;187;-0,02;15.761;0,05;12;206;0,00;0,01;178;0,05;0,86;8;0,60;19;-0,14;1;0,00;0,11;0,01;0,05;203;0,36;1,08
2020-03-17;194;0,04;21.443;0,36;9;240;0,17;0,01;204;0,15;0,85;4;-0,50;24;0,26;7;6,00;0,12;0,03;0,29;960;3,73;4,95
2020-03-18;191;-0,01;18.888;-0,12;10;249;0,04;0,01;202;-0,01;0,81;9;1,25;31;0,29;4;-0,43;0,15;0,02;0,13;385;-0,60;2,01
2020-03-19;186;-0,03;17.978;-0,05;10;243;-0,02;0,01;161;-0,20;0,66;6;-0,33;5;-0,84;2;-0,50;0,03;0,01;0,40;162;-0,58;0,87
2020-03-20;148;-0,21;14.002;-0,22;11;208;-0,14;0,01;156;-0,03;0,75;8;0,33;29;4,80;4;1,00;0,19;0,03;0,14;526;2,25;3,56
2020-03-21;207;0,40;25.762;0,84;8;527;1,53;0,02;414;1,65;0,79;40;4,00;52;0,79;2;-0,50;0,13;0,00;0,04;230;-0,56;1,11
2020-03-22;235;0,13;33.391;0,30;7;791;0,50;0,02;622;0,50;0,79;54;0,35;59;0,13;;-1,00;0,09;0,00;0,00;;-1,00;0,00
2020-03-23;233;-0,01;35.751;0,07;7;598;-0,24;0,02;444;-0,29;0,74;53;-0,02;43;-0,27;1;0;0,10;0,00;0,02;84;0;0,36
2020-03-24;202;-0,13;27.833;-0,22;7;503;-0,16;0,02;414;-0,07;0,82;42;-0,21;43;0,00;1;0,00;0,10;0,00;0,02;84;0,00;0,42
2020-03-25;303;0,50;37.931;0,36;8;513;0,02;0,01;394;-0,05;0,77;17;-0,60;44;0,02;7;6,00;0,11;0,02;0,16;853;9,12;2,82
2020-03-26;320;0,06;40.346;0,06;8;694;0,35;0,02;544;0,38;0,78;26;0,53;56;0,27;1;-0,86;0,10;0,00;0,02;99;-0,88;0,31
2020-03-27;318;-0,01;38.892;-0,04;8;719;0,04;0,02;568;0,04;0,79;42;0,62;94;0,68;5;4,00;0,17;0,01;0,05;643;5,47;2,02
2020-03-28;316;-0,01;44.143;0,14;7;858;0,19;0,02;690;0,21;0,80;47;0,12;94;0,00;3;-0,40;0,14;0,00;0,03;331;-0,48;1,05
2020-03-29;300;-0,05;48.957;0,11;6;960;0,12;0,02;805;0,17;0,84;42;-0,11;101;0,07;7;1,33;0,13;0,01;0,07;1.002;2,02;3,34
2020-03-30;288;-0,04;41.943;-0,14;7;839;-0,13;0,02;686;-0,15;0,82;34;-0,19;67;-0,34;6;-0,14;0,10;0,01;0,09;740;-0,26;2,57
2020-03-31;246;-0,15;32.057;-0,24;8;609;-0,27;0,02;499;-0,27;0,82;41;0,21;76;0,13;4;-0,33;0,15;0,01;0,05;418;-0,44;1,70
2020-04-01;247;0,00;41.354;0,29;6;659;0,08;0,02;550;0,10;0,83;42;0,02;75;-0,01;4;0,00;0,14;0,01;0,05;382;-0,09;1,55
2020-04-02;173;-0,30;25.547;-0,38;7;521;-0,21;0,02;443;-0,19;0,85;18;-0,57;42;-0,44;4;0,08;0,09;0,01;0,10;1.066;1,79;6,17
2020-04-03;156;-0,10;21.024;-0,18;7;591;0,13;0,03;484;0,09;0,82;25;0,39;60;0,43;7;0,63;0,12;0,01;0,12;561;-0,47;3,61
2020-04-04;156;0,01;21.274;0,01;7;517;-0,13;0,02;434;-0,10;0,84;12;-0,52;50;-0,17;2;-0,71;0,12;0,00;0,04;572;0,02;3,66
2020-04-05;154;-0,02;22.299;0,05;7;522;0,01;0,02;442;0,02;0,85;17;0,42;78;0,56;8;3,00;0,18;0,02;0,10;843;0,47;5,49
2020-04-06;157;0,02;25.879;0,16;6;573;0,10;0,02;455;0,03;0,79;22;0,29;124;0,59;8;0,00;0,27;0,02;0,06;770;-0,09;4,92
2020-04-07;156;0,00;23.83;-0,08;7;557;-0,03;0,02;437;-0,04;0,78;18;-0,18;63;-0,49;;-1,00;0,14;0,00;0,00;;-1,00;0,00
2020-04-08;156;0,00;22.151;-0,07;7;531;-0,05;0,02;424;-0,03;0,80;36;1,00;94;0,49;9;0;0,22;0,02;0,10;777;0;4,97
2020-04-09;151;-0,03;20.333;-0,08;7;534;0,01;0,03;445;0,05;0,83;21;-0,42;58;-0,38;3;-0,67;0,13;0,01;0,05;439;-0,43;2,90
2020-04-10;152;0,00;22.504;0,11;7;615;0,15;0,03;492;0,11;0,80;8;-0,62;22;-0,62;1;-0,67;0,04;0,00;0,05;128;-0,71;0,85
2020-04-11;193;0,27;28.917;0,28;7;639;0,04;0,02;490;0,00;0,77;24;2,00;51;1,32;7;6,00;0,10;0,01;0,14;727;4,67;3,76
2020-04-12;185;-0,04;30.205;0,04;6;672;0,05;0,02;542;0,11;0,81;18;-0,25;41;-0,20;2;-0,71;0,08;0,00;0,05;203;-0,72;1,10
2020-04-13;207;0,12;32.649;0,08;6;664;-0,01;0,02;541;0,00;0,81;17;-0,06;43;0,05;4;1,00;0,08;0,01;0,09;393;0,94;1,89
2020-04-14;227;0,09;33.322;0,02;7;707;0,06;0,02;576;0,06;0,81;23;0,35;58;0,35;6;0,50;0,10;0,01;0,10;708;0,80;3,12
2020-04-15;234;0,03;31.796;-0,05;7;620;-0,12;0,02;506;-0,12;0,82;26;0,13;72;0,24;1;-0,83;0,14;0,00;0,01;77;-0,89;0,33
2020-04-16;241;0,03;33.094;0,04;7;616;-0,01;0,02;517;0,02;0,84;51;0,96;92;0,28;14;13,00;0,18;0,03;0,15;1.736;21,46;7,21
2020-04-17;243;0,01;29.819;-0,10;8;601;-0,02;0,02;490;-0,05;0,82;38;-0,25;53;-0,42;3;-0,79;0,11;0,01;0,06;403;-0,77;1,66
2020-04-18;217;-0,11;21.29;-0,29;10;550;-0,08;0,03;460;-0,06;0,84;25;-0,34;34;-0,36;5;0,67;0,07;0,01;0,15;470;0,17;2,17
2020-04-19;184;-0,15;21.681;0,02;8;497;-0,10;0,02;405;-0,12;0,81;11;-0,56;22;-0,35;3;-0,40;0,05;0,01;0,14;308;-0,34;1,68
2020-04-20;183;-0,01;21.778;0,00;8;584;0,18;0,03;480;0,19;0,82;26;1,36;40;0,82;5;0,67;0,08;0,01;0,13;512;0,66;2,80
2020-04-21;182;0,00;20.188;-0,07;9;536;-0,08;0,03;432;-0,10;0,81;27;0,04;34;-0,15;4;-0,20;0,08;0,01;0,12;521;0,02;2,85
2020-04-22;199;0,09;18.935;-0,06;10;467;-0,13;0,02;361;-0,16;0,77;21;-0,22;26;-0,24;5;0,25;0,07;0,01;0,19;570;0,09;2,87
2020-04-23;207;0,04;18.623;-0,02;11;464;-0,01;0,02;367;0,02;0,79;25;0,19;30;0,15;6;0,20;0,08;0,02;0,20;575;0,01;2,79
2020-04-24;212;0,02;19.391;0,04;11;402;-0,13;0,02;325;-0,11;0,81;22;-0,12;33;0,10;5;-0,17;0,10;0,02;0,15;825;0,43;3,90
2020-04-25;223;0,05;20.705;0,07;11;427;0,06;0,02;353;0,09;0,83;17;-0,23;23;-0,30;6;0,20;0,07;0,02;0,26;950;0,15;4,26
2020-04-26;214;-0,04;48.748;1,35;4;454;0,06;0,01;353;0,00;0,78;22;0,29;35;0,52;4;-0,33;0,10;0,01;0,11;769;-0,19;3,59
2020-04-27;234;0,09;73.341;0,50;3;926;1,04;0,01;694;0,97;0,75;33;0,50;43;0,23;7;0,75;0,06;0,01;0,16;1.161;0,51;4,95
2020-04-28;239;0,02;50.041;-0,32;5;812;-0,12;0,02;633;-0,09;0,78;17;-0,48;28;-0,35;10;0,43;0,04;0,02;0,36;1.328;0,14;5,57
2020-04-29;231;-0,03;36.337;-0,27;6;641;-0,21;0,02;500;-0,21;0,78;12;-0,29;14;-0,50;3;-0,70;0,03;0,01;0,21;332;-0,75;1,43
2020-04-30;217;-0,06;26.891;-0,26;8;657;0,02;0,02;512;0,02;0,78;19;0,58;23;0,64;1;-0,67;0,04;0,00;0,04;86;-0,74;0,40
2020-05-01;235;0,08;30.005;0,12;8;809;0,23;0,03;624;0,22;0,77;24;0,26;24;0,04;7;6,00;0,04;0,01;0,29;872;9,10;3,72
2020-05-02;238;0,02;26.997;-0,10;9;950;0,17;0,04;749;0,20;0,79;36;0,50;32;0,33;12;0,71;0,04;0,02;0,38;1.64;0,88;6,89
2020-05-03;244;0,02;26.575;-0,02;9;1.035;0,09;0,04;828;0,11;0,80;31;-0,14;38;0,19;10;-0,17;0,05;0,01;0,26;1.194;-0,27;4,90
2020-05-04;241;-0,01;26.816;0,01;9;975;-0,06;0,04;754;-0,09;0,77;34;0,10;25;-0,34;;-1,00;0,03;0,00;0,00;;-1,00;0,00
2020-05-05;284;0,18;26.53;-0,01;11;1.684;0,73;0,06;1.281;0,70;0,76;25;-0,26;40;0,60;5;0;0,03;0,00;0,13;597;0;2,10
2020-05-06;341;0,20;32.352;0,22;11;2.074;0,23;0,06;1.598;0,25;0,77;43;0,72;81;1,03;10;1,00;0,05;0,01;0,12;1.059;0,77;3,11
2020-05-07;341;0,00;35.135;0,09;10;1.889;-0,09;0,05;1.507;-0,06;0,80;22;-0,49;71;-0,12;12;0,20;0,05;0,01;0,17;1.066;0,01;3,12
2020-05-08;354;0,04;33.981;-0,03;10;1.955;0,03;0,06;1.563;0,04;0,80;37;0,68;75;0,06;14;0,17;0,05;0,01;0,19;2.024;0,90;5,72
2020-05-09;341;-0,03;33.87;0,00;10;1.898;-0,03;0,06;1.48;-0,05;0,78;19;-0,49;45;-0,40;5;-0,64;0,03;0,00;0,11;692;-0,66;2,03
2020-05-10;335;-0,02;41.49;0,22;8;1.891;0,00;0,05;1.431;-0,03;0,76;14;-0,26;47;0,04;7;0,40;0,03;0,00;0,15;659;-0,05;1,96
2020-05-11;343;0,02;42.319;0,02;8;2.071;0,10;0,05;1.599;0,12;0,77;27;0,93;52;0,11;11;0,57;0,03;0,01;0,21;1.528;1,32;4,45
2020-05-12;341;-0,01;37.243;-0,12;9;2.022;-0,02;0,05;1.614;0,01;0,80;33;0,22;50;-0,04;13;0,18;0,03;0,01;0,26;1.596;0,04;4,68
2020-05-13;311;-0,09;31.741;-0,15;10;2.112;0,04;0,07;1.703;0,06;0,81;46;0,39;70;0,40;16;0,23;0,04;0,01;0,23;2.912;0,82;9,38
2020-05-14;343;0,10;31.539;-0,01;11;2.203;0,04;0,07;1.762;0,03;0,80;23;-0,50;57;-0,19;12;-0,25;0,03;0,01;0,21;1.476;-0,49;4,31
2020-05-15;330;-0,04;24.69;-0,22;13;1.251;-0,43;0,05;1.104;-0,37;0,88;58;1,52;106;0,86;12;0,00;0,10;0,01;0,11;1.199;-0,19;3,63
2020-05-16;339;0,03;25.679;0,04;13;1.152;-0,08;0,04;992;-0,10;0,86;75;0,29;96;-0,09;8;-0,33;0,10;0,01;0,08;886;-0,26;2,61
2020-05-17;332;-0,02;28.361;0,10;12;1.388;0,20;0,05;1.209;0,22;0,87;81;0,08;92;-0,04;16;1,00;0,08;0,01;0,17;2.048;1,31;6,16
2020-05-18;330;-0,01;29.054;0,02;11;1.384;0,00;0,05;1.232;0,02;0,89;72;-0,11;127;0,38;21;0,31;0,10;0,02;0,17;2.188;0,07;6,63
2020-05-19;360;0,09;33.654;0,16;11;1.423;0,03;0,04;1.226;0,00;0,86;54;-0,25;55;-0,57;5;-0,76;0,04;0,00;0,09;405;-0,81;1,13
2020-05-20;386;0,07;39.149;0,16;10;1.793;0,26;0,05;1.458;0,19;0,81;34;-0,37;52;-0,05;7;0,40;0,04;0,00;0,13;497;0,23;1,29
2020-05-21;394;0,02;41.036;0,05;10;1.904;0,06;0,05;1.51;0,04;0,79;62;0,82;61;0,17;12;0,71;0,04;0,01;0,20;1.879;2,78;4,77
2020-05-22;387;-0,02;42.68;0,04;9;1.794;-0,06;0,04;1.449;-0,04;0,81;95;0,53;66;0,08;7;-0,42;0,05;0,00;0,11;914;-0,51;2,36
2020-05-23;399;0,03;44.488;0,04;9;2.078;0,16;0,05;1.689;0,17;0,81;83;-0,13;87;0,32;13;0,86;0,05;0,01;0,15;1.477;0,62;3,70
2020-05-24;392;-0,02;49.878;0,12;8;2.127;0,02;0,04;1.742;0,03;0,82;84;0,01;95;0,09;10;-0,23;0,05;0,01;0,11;1.354;-0,08;3,46
2020-05-25;416;0,06;57.758;0,16;7;2.465;0,16;0,04;1.996;0,15;0,81;117;0,39;105;0,11;11;0,10;0,05;0,01;0,10;2.691;0,99;6,47
2020-05-26;462;0,11;56.1;-0,03;8;3.05;0,24;0,05;2.422;0,21;0,79;75;-0,36;79;-0,25;5;-0,55;0,03;0,00;0,06;706;-0,74;1,53
2020-05-27;437;-0,05;52.035;-0,07;8;2.679;-0,12;0,05;2.106;-0,13;0,79;114;0,52;134;0,70;23;3,60;0,06;0,01;0,17;2.787;2,95;6,38
2020-05-28;425;-0,03;49.9;-0,04;9;2.297;-0,14;0,05;1.812;-0,14;0,79;67;-0,41;75;-0,44;14;-0,39;0,04;0,01;0,19;1.599;-0,43;3,76
2020-05-29;449;0,06;48.504;-0,03;9;2.564;0,12;0,05;2.016;0,11;0,79;71;0,06;66;-0,12;;-1,00;0,03;0,00;0,00;;-1,00;0,00
2020-05-30;471;0,05;47.245;-0,03;10;2.807;0,09;0,06;2.221;0,10;0,79;42;-0,41;49;-0,26;1;0;0,02;0,00;0,02;76;0;0,16
2020-05-31;456;-0,03;61.605;0,30;7;3.072;0,09;0,05;2.409;0,08;0,78;78;0,86;72;0,47;9;8,00;0,03;0,00;0,13;1.284;15,87;2,82
2020-06-01;434;-0,05;69.405;0,13;6;2.921;-0,05;0,04;2.281;-0,05;0,78;58;-0,26;68;-0,06;5;-0,44;0,03;0,00;0,07;927;-0,28;2,14
2020-06-02;462;0,07;67.376;-0,03;7;3.101;0,06;0,05;2.457;0,08;0,79;75;0,29;98;0,44;14;1,80;0,04;0,01;0,14;2.183;1,36;4,72
2020-06-03;455;-0,01;61.457;-0,09;7;2.783;-0,10;0,05;2.184;-0,11;0,78;66;-0,12;70;-0,29;10;-0,29;0,03;0,00;0,14;1.406;-0,36;3,09
2020-06-04;458;0,01;59.686;-0,03;8;2.679;-0,04;0,04;2.135;-0,02;0,80;65;-0,02;104;0,49;13;0,30;0,05;0,01;0,13;2.043;0,45;4,46
2020-06-05;458;0,00;54.486;-0,09;8;2.507;-0,06;0,05;2.02;-0,05;0,81;74;0,14;81;-0,22;25;0,92;0,04;0,01;0,31;3.247;0,59;7,09
2020-06-06;458;0,00;56.574;0,04;8;2.739;0,09;0,05;2.151;0,06;0,79;53;-0,28;59;-0,27;5;-0,80;0,03;0,00;0,08;976;-0,70;2,13
2020-06-07;451;-0,02;61.528;0,09;7;2.915;0,06;0,05;2.366;0,10;0,81;76;0,43;97;0,64;13;1,60;0,04;0,01;0,13;1.375;0,41;3,05
2020-06-08;407;-0,10;51.332;-0,17;8;2.288;-0,22;0,04;1.771;-0,25;0,77;88;0,16;76;-0,22;18;0,38;0,04;0,01;0,24;2.628;0,91;6,46
2020-06-09;382;-0,06;44.5;-0,13;9;2.19;-0,04;0,05;1.738;-0,02;0,79;55;-0,38;73;-0,04;5;-0,72;0,04;0,00;0,07;562;-0,79;1,47
2020-06-10;370;-0,03;37.219;-0,16;10;1.949;-0,11;0,05;1.534;-0,12;0,79;57;0,04;80;0,10;14;1,80;0,05;0,01;0,18;2.061;2,67;5,58
2020-06-11;353;-0,05;34.85;-0,06;10;2.012;0,03;0,06;2.452;0,60;1,22;92;0,61;116;0,45;23;0,64;0,05;0,01;0,20;2.198;0,07;6,23
2020-06-12;354;0,00;38.531;0,11;9;1.891;-0,06;0,05;2.264;-0,08;1,20;93;0,01;111;-0,04;21;-0,09;0,05;0,01;0,19;2.464;0,12;6,96
2020-06-13;342;-0,03;34.904;-0,09;10;1.991;0,05;0,06;1.543;-0,32;0,77;67;-0,28;101;-0,09;15;-0,29;0,07;0,01;0,15;2.288;-0,07;6,69
2020-06-14;324;-0,05;37.298;0,07;9;2.175;0,09;0,06;1.638;0,06;0,75;67;0,00;66;-0,35;10;-0,33;0,04;0,01;0,15;1.62;-0,29;5,00
2020-06-15;345;0,07;36.968;-0,01;9;2.135;-0,02;0,06;1.655;0,01;0,78;63;-0,06;85;0,29;16;0,60;0,05;0,01;0,19;3.255;1,01;9,43
2020-06-16;343;-0,01;34.594;-0,06;10;2.193;0,03;0,06;1.793;0,08;0,82;67;0,06;80;-0,06;10;-0,38;0,04;0,01;0,13;913;-0,72;2,67
2020-06-17;338;-0,01;34.016;-0,02;10;1.959;-0,11;0,06;1.578;-0,12;0,81;58;-0,13;64;-0,20;10;0,00;0,04;0,01;0,16;1.332;0,46;3,93
2020-06-18;325;-0,04;30.905;-0,09;11;1.919;-0,02;0,06;1.537;-0,03;0,80;69;0,19;79;0,23;7;-0,30;0,05;0,00;0,09;1.03;-0,23;3,17
2020-06-19;321;-0,01;28.517;-0,08;11;1.7;-0,11;0,06;1.342;-0,13;0,79;86;0,25;53;-0,33;6;-0,14;0,04;0,00;0,11;717;-0,30;2,24
2020-06-20;320;0,00;28.933;0,01;11;1.744;0,03;0,06;1.361;0,01;0,78;85;-0,01;47;-0,11;12;1,00;0,03;0,01;0,26;2.151;2,00;6,72
2020-06-21;318;-0,01;33.346;0,15;10;2.095;0,20;0,06;1.692;0,24;0,81;113;0,33;46;-0,02;7;-0,42;0,03;0,00;0,15;811;-0,62;2,55
2020-06-22;335;0,05;33.581;0,01;10;1.917;-0,08;0,06;1.512;-0,11;0,79;101;-0,11;63;0,37;8;0,14;0,04;0,01;0,13;1.209;0,49;3,61
2020-06-23;355;0,06;31.818;-0,05;11;1.875;-0,02;0,06;1.493;-0,01;0,80;90;-0,11;55;-0,13;8;0,00;0,04;0,01;0,15;1.027;-0,15;2,90
2020-06-24;377;0,06;31.944;0,00;12;2.09;0,11;0,07;1.662;0,11;0,80;114;0,27;50;-0,09;6;-0,25;0,03;0,00;0,12;892;-0,13;2,36
2020-06-25;367;-0,03;32.199;0,01;11;2.075;-0,01;0,06;1.615;-0,03;0,78;114;0,00;60;0,20;11;0,83;0,04;0,01;0,18;1.169;0,31;3,18
2020-06-26;375;0,02;31.22;-0,03;12;1.834;-0,12;0,06;1.455;-0,10;0,79;71;-0,38;55;-0,08;11;0,00;0,04;0,01;0,20;1.166;0,00;3,11
2020-06-27;383;0,02;32.429;0,04;12;2.068;0,13;0,06;1.596;0,10;0,77;127;0,79;82;0,49;19;0,73;0,05;0,01;0,23;2.534;1,17;6,62
2020-06-28;376;-0,02;35.917;0,11;10;2.168;0,05;0,06;1.667;0,04;0,77;104;-0,18;56;-0,32;7;-0,63;0,03;0,00;0,13;1.071;-0,58;2,85
2020-06-29;373;-0,01;33.953;-0,05;11;2.058;-0,05;0,06;1.608;-0,04;0,78;91;-0,13;60;0,07;11;0,57;0,04;0,01;0,18;1.786;0,67;4,79
2020-06-30;373;0,00;29.978;-0,12;12;1.764;-0,14;0,06;1.384;-0,14;0,78;126;0,38;80;0,33;13;0,18;0,06;0,01;0,16;1.835;0,03;4,92
2020-07-01;376;0,01;35.913;0,20;10;2.131;0,21;0,06;1.606;0,16;0,75;148;0,17;61;-0,24;16;0,23;0,04;0,01;0,26;2.975;0,62;7,91
2020-07-02;378;0,01;36.457;0,02;10;2.307;0,08;0,06;1.759;0,10;0,76;164;0,11;87;0,43;14;-0,13;0,05;0,01;0,16;2.169;-0,27;5,74
2020-07-03;370;-0,02;34.744;-0,05;11;2.165;-0,06;0,06;1.627;-0,08;0,75;104;-0,37;75;-0,14;13;-0,07;0,05;0,01;0,17;1.917;-0,12;5,19
2020-07-04;376;0,02;33.8;-0,03;11;2.072;-0,04;0,06;1.63;0,00;0,79;107;0,03;76;0,01;13;0,00;0,05;0,01;0,17;2.063;0,08;5,48
2020-07-05;372;-0,01;41.628;0,23;9;2.438;0,18;0,06;1.857;0,14;0,76;150;0,40;79;0,04;16;0,23;0,04;0,01;0,20;2.702;0,31;7,26
2020-07-06;378;0,02;41.506;0,00;9;2.458;0,01;0,06;1.871;0,01;0,76;117;-0,22;59;-0,25;14;-0,13;0,03;0,01;0,24;2.009;-0,26;5,31
2020-07-07;400;0,06;40.336;-0,03;10;2.258;-0,08;0,06;1.764;-0,06;0,78;138;0,18;69;0,17;16;0,14;0,04;0,01;0,23;2.684;0,34;6,70
2020-07-08;386;-0,04;30.956;-0,23;12;1.728;-0,23;0,06;1.349;-0,24;0,78;93;-0,33;62;-0,10;9;-0,44;0,05;0,01;0,15;1.083;-0,60;2,81
2020-07-09;390;0,01;28.995;-0,06;13;1.088;-0,37;0,04;873;-0,35;0,80;123;0,32;59;-0,05;8;-0,11;0,07;0,01;0,14;1.272;0,17;3,26
2020-07-10;399;0,02;27.66;-0,05;14;875;-0,20;0,03;727;-0,17;0,83;72;-0,41;58;-0,02;13;0,63;0,08;0,02;0,22;1.574;0,24;3,95
2020-07-11;436;0,09;35.106;0,27;12;1.011;0,16;0,03;862;0,19;0,85;111;0,54;47;-0,19;11;-0,15;0,05;0,01;0,23;1.852;0,18;4,25
2020-07-12;448;0,03;44.436;0,27;10;1.081;0,07;0,02;902;0,05;0,83;118;0,06;55;0,17;7;-0,36;0,06;0,01;0,13;1.729;-0,07;3,85
2020-07-13;431;-0,04;42.8;-0,04;10;1.069;-0,01;0,02;901;0,00;0,84;146;0,24;84;0,53;6;-0,14;0,09;0,01;0,07;1.517;-0,12;3,52
2020-07-14;418;-0,03;41.716;-0,03;10;1.164;0,09;0,03;973;0,08;0,84;135;-0,08;88;0,05;17;1,83;0,09;0,02;0,19;2.725;0,80;6,51
2020-07-15;446;0,06;43.793;0,05;10;1.402;0,20;0,03;1.184;0,22;0,84;72;-0,47;47;-0,47;8;-0,53;0,04;0,01;0,17;1.503;-0,45;3,37
2020-07-16;435;-0,02;42.769;-0,02;10;1.133;-0,19;0,03;956;-0,19;0,84;105;0,46;58;0,23;7;-0,13;0,06;0,01;0,12;1.341;-0,11;3,08
2020-07-17;451;0,04;38.039;-0,11;12;1.075;-0,05;0,03;908;-0,05;0,84;129;0,23;69;0,19;14;1,00;0,08;0,02;0,20;2.532;0,89;5,62
2020-07-18;452;0,00;38.61;0,02;12;1.133;0,05;0,03;936;0,03;0,83;67;-0,48;62;-0,10;8;-0,43;0,07;0,01;0,13;1.225;-0,52;2,71
2020-07-19;437;-0,03;33.988;-0,12;13;1.192;0,05;0,04;1.001;0,07;0,84;101;0,51;71;0,15;9;0,13;0,07;0,01;0,13;1.112;-0,09;2,54
2020-07-20;411;-0,06;29.007;-0,15;14;883;-0,26;0,03;774;-0,23;0,88;70;-0,31;77;0,08;4;-0,56;0,10;0,01;0,05;400;-0,64;0,97
2020-07-21;461;0,12;42.292;0,46;11;1.078;0,22;0,03;938;0,21;0,87;149;1,13;91;0,18;7;0,75;0,10;0,01;0,08;854;1,14;1,85
2020-07-22;472;0,02;41.726;-0,01;11;1.053;-0,02;0,03;897;-0,04;0,85;167;0,12;96;0,05;10;0,43;0,11;0,01;0,10;1.395;0,63;2,95
2020-07-23;478;0,01;37.597;-0,10;13;971;-0,08;0,03;824;-0,08;0,85;151;-0,10;90;-0,06;16;0,60;0,11;0,02;0,18;2.356;0,69;4,93
2020-07-24;478;0,00;39.487;0,05;12;993;0,02;0,03;826;0,00;0,83;129;-0,15;93;0,03;16;0,00;0,11;0,02;0,17;2.461;0,04;5,15
2020-07-25;484;0,01;38.876;-0,02;12;987;-0,01;0,03;825;0,00;0,84;115;-0,11;75;-0,19;7;-0,56;0,09;0,01;0,09;1.212;-0,51;2,50
2020-07-26;484;0,00;44.942;0,16;11;1.032;0,05;0,02;861;0,04;0,83;159;0,38;79;0,05;10;0,43;0,09;0,01;0,13;1.502;0,24;3,10
2020-07-27;475;-0,02;38.391;-0,15;12;987;-0,04;0,03;865;0,00;0,88;123;-0,23;65;-0,18;7;-0,30;0,08;0,01;0,11;1.229;-0,18;2,59
2020-07-28;479;0,01;36.634;-0,05;13;943;-0,04;0,03;810;-0,06;0,86;122;-0,01;61;-0,06;9;0,29;0,08;0,01;0,15;995;-0,19;2,08
2020-07-29;493;0,03;34.083;-0,07;14;988;0,05;0,03;842;0,04;0,85;136;0,11;84;0,38;8;-0,11;0,10;0,01;0,10;1.453;0,46;2,95
2020-07-30;499;0,01;33.36;-0,02;15;862;-0,13;0,03;681;-0,19;0,79;143;0,05;74;-0,12;15;0,88;0,11;0,02;0,20;2.59;0,78;5,19
2020-07-31;590;0,18;36.286;0,09;16;863;0,00;0,02;740;0,09;0,86;105;-0,27;64;-0,14;6;-0,60;0,09;0,01;0,09;764;-0,70;1,30
2020-08-01;827;0,40;54.959;0,51;15;1.281;0,48;0,02;1.042;0,41;0,81;55;-0,48;29;-0,55;9;0,50;0,03;0,01;0,31;1.173;0,53;1,42
2020-08-02;832;0,01;61.846;0,13;13;1.25;-0,02;0,02;1.062;0,02;0,85;142;1,58;74;1,55;12;0,33;0,07;0,01;0,16;1.781;0,52;2,14
2020-08-03;844;0,01;55.583;-0,10;15;1.157;-0,07;0,02;949;-0,11;0,82;176;0,24;95;0,28;15;0,25;0,10;0,02;0,16;2.208;0,24;2,62
2020-08-04;795;-0,06;50.321;-0,09;16;1.079;-0,07;0,02;916;-0,03;0,85;196;0,11;99;0,04;18;0,20;0,11;0,02;0,18;2.734;0,24;3,44
2020-08-05;869;0,09;51.162;0,02;17;1.082;0,00;0,02;925;0,01;0,85;177;-0,10;94;-0,05;12;-0,33;0,10;0,01;0,13;1.386;-0,49;1,60
2020-08-06;857;-0,01;45.702;-0,11;19;1.124;0,04;0,02;888;-0,04;0,79;236;0,33;122;0,30;21;0,75;0,14;0,02;0,17;7.632;4,51;8,91
2020-08-07;862;0,01;46.73;0,02;18;1.064;-0,05;0,02;849;-0,04;0,80;207;-0,12;107;-0,12;19;-0,10;0,13;0,02;0,18;2.477;-0,68;2,88
2020-08-08;877;0,02;49.755;0,06;18;1.149;0,08;0,02;935;0,10;0,81;151;-0,27;71;-0,34;15;-0,21;0,08;0,02;0,21;1.976;-0,20;2,25
2020-08-09;829;-0,05;67.915;0,36;12;1.448;0,26;0,02;1.157;0,24;0,80;189;0,25;74;0,04;11;-0,27;0,06;0,01;0,15;1.452;-0,27;1,75
2020-08-10;849;0,03;66.168;-0,03;13;1.331;-0,08;0,02;1.082;-0,06;0,81;163;-0,14;89;0,20;10;-0,09;0,08;0,01;0,11;1.411;-0,03;1,66
2020-08-11;834;-0,02;56.929;-0,14;15;1.169;-0,12;0,02;993;-0,08;0,85;201;0,23;91;0,02;13;0,30;0,09;0,01;0,14;1.844;0,31;2,21
2020-08-12;863;0,04;53.849;-0,05;16;1.197;0,02;0,02;708;-0,29;0,59;140;-0,30;64;-0,30;13;0,00;0,09;0,02;0,20;2.341;0,27;2,71
2020-08-13;894;0,04;49.833;-0,07;18;1.077;-0,10;0,02;892;0,26;0,83;236;0,69;93;0,45;20;0,54;0,10;0,02;0,22;2.622;0,12;2,93
2020-08-14;848;-0,05;45.674;-0,08;19;940;-0,13;0,02;688;-0,23;0,73;152;-0,36;79;-0,15;12;-0,40;0,11;0,02;0,15;2.062;-0,21;2,43
2020-08-15;890;0,05;50.41;0,10;18;1.128;0,20;0,02;841;0,22;0,75;114;-0,25;54;-0,32;9;-0,25;0,06;0,01;0,17;1.205;-0,42;1,35
2020-08-16;854;-0,04;58.699;0,16;15;1.284;0,14;0,02;1.058;0,26;0,82;170;0,49;74;0,37;16;0,78;0,07;0,02;0,22;1.866;0,55;2,18
2020-08-17;828;-0,03;54.224;-0,08;15;1.12;-0,13;0,02;917;-0,13;0,82;164;-0,04;73;-0,01;16;0,00;0,08;0,02;0,22;2.099;0,12;2,53
2020-08-18;862;0,04;55.925;0,03;15;1.123;0,00;0,02;878;-0,04;0,78;182;0,11;91;0,25;14;-0,13;0,10;0,02;0,15;1.818;-0,13;2,11
2020-08-19;840;-0,03;52.475;-0,06;16;887;-0,21;0,02;759;-0,14;0,86;117;-0,36;83;-0,09;13;-0,07;0,11;0,02;0,16;1.595;-0,12;1,90
2020-08-20;866;0,03;53.348;0,02;16;918;0,03;0,02;718;-0,05;0,78;124;0,06;88;0,07;14;0,08;0,12;0,02;0,16;1.719;0,08;1,98
2020-08-21;855;-0,01;50.112;-0,06;17;936;0,02;0,02;749;0,04;0,80;117;-0,06;82;-0,07;15;0,04;0,11;0,02;0,18;1.765;0,03;2,06
2020-08-22;899;0,05;47.512;-0,05;19;1.107;0,18;0,02;917;0,22;0,83;146;0,25;101;0,23;18;0,21;0,11;0,02;0,17;2.713;0,54;3,02
2020-08-23;847;-0,06;55.134;0,16;15;1.189;0,07;0,02;993;0,08;0,84;240;0,65;165;0,64;15;-0,14;0,17;0,02;0,09;2.388;-0,12;2,82
2020-08-24;842;-0,01;47.9;-0,13;18;961;-0,19;0,02;780;-0,21;0,81;161;-0,33;85;-0,48;14;-0,07;0,11;0,02;0,16;1.836;-0,23;2,18
2020-08-25;873;0,04;41.285;-0,14;21;925;-0,04;0,02;785;0,01;0,85;165;0,02;69;-0,19;10;-0,29;0,09;0,01;0,14;1.748;-0,05;2,00
2020-08-26;879;0,01;44.275;0,07;20;927;0,00;0,02;766;-0,02;0,83;167;0,01;71;0,03;11;0,10;0,09;0,01;0,15;1.299;-0,26;1,48
2020-08-27;847;-0,04;46.053;0,04;18;954;0,03;0,02;776;0,01;0,81;159;-0,05;75;0,06;16;0,45;0,10;0,02;0,21;2.779;1,14;3,28
2020-08-28;847;0,00;40.204;-0,13;21;888;-0,07;0,02;697;-0,10;0,78;127;-0,20;49;-0,35;7;-0,56;0,07;0,01;0,14;763;-0,73;0,90
2020-08-29;878;0,04;39.158;-0,03;22;833;-0,06;0,02;665;-0,05;0,80;123;-0,03;46;-0,06;10;0,43;0,07;0,02;0,22;2.401;2,15;2,73
2020-08-30;824;-0,06;42.657;0,09;19;874;0,05;0,02;716;0,08;0,82;113;-0,08;47;0,02;11;0,10;0,07;0,02;0,23;2.037;-0,15;2,47
2020-08-31;823;0,00;45.647;0,07;18;760;-0,13;0,02;616;-0,14;0,81;144;0,27;73;0,55;10;-0,09;0,12;0,02;0,14;1.096;-0,46;1,33
2020-09-01;838;0,02;55.48;0,22;15;1.017;0,34;0,02;819;0,33;0,81;183;0,27;84;0,15;16;0,60;0,10;0,02;0,19;2.69;1,45;3,21
2020-09-02;801;-0,04;45.859;-0,17;17;813;-0,20;0,02;651;-0,21;0,80;162;-0,11;76;-0,10;15;-0,06;0,12;0,02;0,20;2.436;-0,09;3,04
2020-09-03;859;0,07;46.538;0,01;18;918;0,13;0,02;751;0,15;0,82;162;0,00;88;0,16;12;-0,20;0,12;0,02;0,14;1.298;-0,47;1,51
2020-09-04;853;-0,01;41.939;-0,10;20;806;-0,12;0,02;667;-0,11;0,83;123;-0,24;59;-0,33;12;0,00;0,09;0,02;0,20;1.579;0,22;1,85
2020-09-05;880;0,03;43.538;0,04;20;802;0,00;0,02;641;-0,04;0,80;105;-0,15;50;-0,15;4;-0,67;0,08;0,01;0,08;475;-0,70;0,54
2020-09-06;820;-0,07;44.45;0,02;18;907;0,13;0,02;720;0,12;0,79;130;0,24;70;0,40;14;2,50;0,10;0,02;0,20;2.59;4,45;3,16
2020-09-07;825;0,01;44.836;0,01;18;865;-0,05;0,02;719;0,00;0,83;164;0,26;73;0,04;12;-0,14;0,10;0,02;0,16;1.7;-0,34;2,06
2020-09-08;824;0,00;45.093;0,01;18;696;-0,20;0,02;580;-0,19;0,83;106;-0,35;57;-0,22;6;-0,50;0,10;0,01;0,11;749;-0,56;0,91
2020-09-09;850;0,03;42.204;-0,06;20;694;0,00;0,02;565;-0,03;0,81;135;0,27;53;-0,07;14;1,33;0,09;0,02;0,26;1.973;1,63;2,32
2020-09-10;842;-0,01;36.762;-0,13;23;644;-0,07;0,02;569;0,01;0,88;128;-0,05;52;-0,02;12;-0,14;0,09;0,02;0,23;1.57;-0,20;1,87
2020-09-11;18;-0,98;846;-0,98;21;20;-0,97;0,02;19;-0,97;0,95;1;-0,99;;-1,00;;-1,00;0,00;0,00;0,00;;-1,00;0,00
2020-09-12;0;-1,00;0;-1,00;0;;-1,00;0,00;;-1,00;0,00;;-1,00;;0;;0;0,00;0,00;0,00;;0;0,00
2020-09-13;793;0;39.905;0;20;664;0;0,02;551;0;0,83;146;0;67;0;7;0;0,12;0,01;0,10;890;0;1,12
2020-09-14;792;0,00;32.617;-0,18;24;708;0,07;0,02;582;0,06;0,82;89;-0,39;46;-0,31;8;0,14;0,08;0,01;0,17;1.393;0,57;1,76
2020-09-15;825;0,04;39.031;0,20;21;683;-0,04;0,02;549;-0,06;0,80;139;0,56;63;0,37;15;0,88;0,11;0,03;0,24;1.984;0,42;2,40
2020-09-16;782;-0,05;37.183;-0,05;21;587;-0,14;0,02;492;-0,10;0,84;137;-0,01;63;0,00;15;0,00;0,13;0,03;0,24;1.942;-0,02;2,48
2020-09-17;821;0,05;37.053;0,00;22;604;0,03;0,02;465;-0,05;0,77;108;-0,21;52;-0,17;15;0,00;0,11;0,03;0,29;1.768;-0,09;2,15
2020-09-18;832;0,01;38.785;0,05;21;648;0,07;0,02;525;0,13;0,81;107;-0,01;56;0,08;11;-0,27;0,11;0,02;0,20;1.688;-0,05;2,03
2020-09-19;874;0,05;39.112;0,01;22;597;-0,08;0,02;484;-0,08;0,81;88;-0,18;50;-0,11;10;-0,09;0,10;0,02;0,20;1.245;-0,26;1,42
2020-09-20;806;-0,08;40.712;0,04;20;705;0,18;0,02;585;0,21;0,83;67;-0,24;36;-0,28;3;-0,70;0,06;0,01;0,08;371;-0,70;0,46
2020-09-21;808;0,00;42.462;0,04;19;665;-0,06;0,02;535;-0,09;0,80;127;0,90;58;0,61;9;2,00;0,11;0,02;0,16;1.403;2,78;1,74
2020-09-22;830;0,03;37.027;-0,13;22;654;-0,02;0,02;546;0,02;0,83;130;0,02;62;0,07;11;0,22;0,11;0,02;0,18;1.765;0,26;2,13
2020-09-23;833;0,00;36.092;-0,03;23;661;0,01;0,02;547;0,00;0,83;147;0,13;80;0,29;13;0,18;0,15;0,02;0,16;1.417;-0,20;1,70
2020-09-24;866;0,04;38.145;0,06;23;649;-0,02;0,02;553;0,01;0,85;146;-0,01;59;-0,26;11;-0,15;0,11;0,02;0,19;1.424;0,01;1,64
2020-09-25;825;-0,05;27.87;-0,27;30;514;-0,21;0,02;429;-0,22;0,83;106;-0,27;39;-0,34;4;-0,64;0,09;0,01;0,10;438;-0,69;0,53
2020-09-26;847;0,03;30.512;0,09;28;562;0,09;0,02;459;0,07;0,82;118;0,11;45;0,15;9;1,25;0,10;0,02;0,20;1.443;2,29;1,70
2020-09-27;808;-0,05;35.83;0,17;23;589;0,05;0,02;425;-0,07;0,72;134;0,14;49;0,09;3;-0,67;0,12;0,01;0,06;606;-0,58;0,75
2020-09-28;797;-0,01;37.563;0,05;21;457;-0,22;0,01;386;-0,09;0,84;89;-0,34;56;0,14;8;1,67;0,15;0,02;0,14;1.199;0,98;1,50
2020-09-29;816;0,02;31.66;-0,16;26;508;0,11;0,02;416;0,08;0,82;119;0,34;60;0,07;6;-0,25;0,14;0,01;0,10;841;-0,30;1,03
2020-09-30;812;0,00;32.025;0,01;25;444;-0,13;0,01;372;-0,11;0,84;108;-0,09;53;-0,12;11;0,83;0,14;0,03;0,21;1.488;0,77;1,83
2020-10-01;823;0,01;34.346;0,07;24;499;0,12;0,01;426;0,15;0,85;140;0,30;55;0,04;9;-0,18;0,13;0,02;0,16;1.118;-0,25;1,36
2020-10-02;805;-0,02;33.507;-0,02;24;522;0,05;0,02;428;0,00;0,82;82;-0,41;39;-0,29;5;-0,44;0,09;0,01;0,13;617;-0,45;0,77
2020-10-03;840;0,04;33.908;0,01;25;542;0,04;0,02;433;0,01;0,80;100;0,22;49;0,26;8;0,60;0,11;0,02;0,16;1.491;1,42;1,77
2020-10-04;808;-0,04;33.907;0,00;24;639;0,18;0,02;526;0,21;0,82;96;-0,04;53;0,08;10;0,25;0,10;0,02;0,19;2.35;0,58;2,91
2020-10-05;815;0,01;34.133;0,01;24;615;-0,04;0,02;494;-0,06;0,80;133;0,39;67;0,26;7;-0,30;0,14;0,01;0,10;1.036;-0,56;1,27
2020-10-06;788;-0,03;33.303;-0,02;24;586;-0,05;0,02;489;-0,01;0,83;140;0,05;63;-0,06;11;0,57;0,13;0,02;0,17;1.524;0,47;1,94
2020-10-07;804;0,02;30.34;-0,09;27;540;-0,08;0,02;425;-0,13;0,79;74;-0,47;35;-0,44;4;-0,64;0,08;0,01;0,11;380;-0,75;0,47
2020-10-08;811;0,01;29.77;-0,02;27;536;-0,01;0,02;430;0,01;0,80;92;0,24;60;0,71;15;2,75;0,14;0,03;0,25;1.872;3,93;2,31
2020-10-09;807;-0,01;28.132;-0,06;29;556;0,04;0,02;441;0,03;0,79;84;-0,09;55;-0,08;8;-0,47;0,12;0,02;0,15;772;-0,59;0,96
2020-10-10;838;0,04;32.174;0,14;26;562;0,01;0,02;455;0,03;0,81;86;0,02;40;-0,27;4;-0,50;0,09;0,01;0,10;556;-0,28;0,66
2020-10-11;808;-0,03;39.14;0,22;21;592;0,05;0,02;464;0,02;0,78;75;-0,13;31;-0,23;7;0,75;0,07;0,02;0,23;973;0,75;1,20
2020-10-12;815;0,01;40.603;0,04;20;632;0,07;0,02;510;0,10;0,81;126;0,68;83;1,68;14;1,00;0,16;0,03;0,17;1.665;0,71;2,04
2020-10-13;816;0,00;32.747;-0,19;25;558;-0,12;0,02;446;-0,13;0,80;118;-0,06;71;-0,14;12;-0,14;0,16;0,03;0,17;1.691;0,02;2,07
2020-10-14;824;0,01;30.626;-0,06;27;533;-0,04;0,02;444;0,00;0,83;84;-0,29;42;-0,41;9;-0,25;0,09;0,02;0,21;1.681;-0,01;2,04
2020-10-15;834;0,01;30.499;0,00;27;568;0,07;0,02;439;-0,01;0,77;79;-0,06;40;-0,05;9;0,00;0,09;0,02;0,23;1.352;-0,20;1,62
2020-10-16;805;-0,03;29.061;-0,05;28;497;-0,13;0,02;395;-0,10;0,79;62;-0,22;44;0,10;8;-0,11;0,11;0,02;0,18;1.023;-0,24;1,27
2020-10-17;847;0,05;29.657;0,02;29;560;0,13;0,02;455;0,15;0,81;58;-0,06;39;-0,11;10;0,25;0,09;0,02;0,26;1.327;0,30;1,57
2020-10-18;819;-0,03;38.555;0,30;21;670;0,20;0,02;527;0,16;0,79;73;0,26;34;-0,13;7;-0,30;0,06;0,01;0,21;1.2;-0,10;1,47
2020-10-19;818;0,00;32.688;-0,15;25;565;-0,16;0,02;450;-0,15;0,80;62;-0,15;46;0,35;9;0,29;0,10;0,02;0,20;1.058;-0,12;1,29
2020-10-20;814;0,00;31.42;-0,04;26;550;-0,03;0,02;455;0,01;0,83;70;0,13;46;0,00;10;0,11;0,10;0,02;0,22;1.138;0,08;1,40
2020-10-21;219;-0,73;7.383;-0,77;30;120;-0,78;0,02;97;-0,79;0,81;13;-0,81;3;-0,93;;-1,00;0,03;0,00;0,00;;-1,00;0,00
